iter	MultiClass
0	0.8958394169
1	0.7659776453
2	0.6719752364
3	0.5947219514
4	0.5584966436
