iter	RMSE
0	39.70327156
1	37.90469339
2	35.66310228
3	34.74731443
4	33.17286366
