iter	MultiClass
0	1.082714454
1	0.9028660402
2	0.7920128332
3	0.6720870893
4	0.601908312
