iter	RMSE
0	2.050986045
1	1.804754754
2	1.589725941
3	1.404240303
4	1.269550026
