iter	RMSE
0	1.914492283
1	1.794036003
2	1.692807727
3	1.600079499
4	1.548778807
