iter	RMSE
0	21.28573107
1	19.94717859
2	19.42784664
3	18.80012421
4	18.42103809
