iter	RMSE
0	32.05686088
1	24.90774239
2	19.49419503
3	15.71880886
4	13.24045624
