iter	Logloss
0	0.6047306619
1	0.5536225026
2	0.507894701
3	0.4728134743
4	0.4414160086
