iter	RMSE
0	0.941959512
1	0.9170122689
2	0.8977285369
3	0.8783741076
4	0.8634658569
