iter	Logloss
0	0.6927763534
1	0.6924411107
2	0.6921776265
