iter	RMSE
0	31.94398485
1	24.45029487
2	19.03819875
3	14.92395654
4	12.40974766
