iter	MultiClass
0	0.8765095705
1	0.7487905045
2	0.6725123448
3	0.602239138
4	0.5714753376
