iter	RMSE
0	5.516299051
1	5.063539428
2	4.695110428
3	4.345632293
4	3.966176603
