iter	MultiClass
0	1.072380944
1	0.9090747369
2	0.7827786014
3	0.692971672
4	0.6127305378
