iter	RMSE
0	8.810608843
1	8.291964168
2	7.8425511
3	7.558181989
4	7.389864727
