iter	Logloss
0	0.6223044442
1	0.572814865
2	0.5297216738
3	0.4918060092
4	0.4651666864
