iter	RMSE
0	55.4593537
1	50.9481032
2	46.9001863
3	43.99387653
4	42.16176874
